pathway,gene
Inflammation,G001
Inflammation,G002
Inflammation,G003
Inflammation,G004
Inflammation,G005
Inflammation,G006
Inflammation,G007
Inflammation,G008
Inflammation,G009
Inflammation,G010
Inflammation,G011
Inflammation,G012
Inflammation,G013
Inflammation,G014
Inflammation,G015
Inflammation,G016
Inflammation,G017
Inflammation,G018
Cell cycle,G010
Cell cycle,G011
Cell cycle,G012
Cell cycle,G013
Cell cycle,G014
Cell cycle,G015
Cell cycle,G016
Cell cycle,G017
Cell cycle,G018
Cell cycle,G019
Cell cycle,G020
Cell cycle,G021
Cell cycle,G022
Cell cycle,G023
Cell cycle,G024
Cell cycle,G025
Cell cycle,G026
Cell cycle,G027
DNA repair,G020
DNA repair,G021
DNA repair,G022
DNA repair,G023
DNA repair,G024
DNA repair,G025
DNA repair,G026
DNA repair,G027
DNA repair,G028
DNA repair,G029
DNA repair,G030
DNA repair,G031
DNA repair,G032
DNA repair,G033
DNA repair,G034
DNA repair,G035
DNA repair,G036
DNA repair,G037
Metabolism,G030
Metabolism,G031
Metabolism,G032
Metabolism,G033
Metabolism,G034
Metabolism,G035
Metabolism,G036
Metabolism,G037
Metabolism,G038
Metabolism,G039
Metabolism,G040
Metabolism,G041
Metabolism,G042
Metabolism,G043
Metabolism,G044
Metabolism,G045
Metabolism,G046
Metabolism,G047
